Non_Collinear_Representative,Mapped_Stage
FX_X2CX2_AI27,
FX_TV_2103_AI,
FX_X2CX3_AI3,
FX_X2CX3_AI5,
FX_X2CX3_AI7,
FX_X2CX3_AI9,
FX_X2CX3_AI11,
FX_X2CX3_AI27,
FX_X2JX_AI1,
FX_X2JX_AI3,
FX_X2JX_AI5,
FX_X2JX_AI9,
FX_X2JX_AI11,
FX_X2JX_AI13,
FX_X2SX3_AI5,
FX_X2CX1_AI7,
FX_X2SX1_AI1,
FX_X2SX1_AI3,
FX_X2SX1_AI4,
FX_X2SX1_AI5,
FX_X2SX1_AI7,
FX_HV_621B_AI,
FX_X2SX1_AI11,
FX_X2SX1_AI13,
FX_TV_2101_AO,
FX_X2SX1_AI38,
FX_X2CX1_AI1,
FX_X2CX2_AI4,
FX_X2CX1_AI5,
FX_X2SX2_AI3,
FX_X2SX2_AI4,
FX_X2SX3_AI3,
FX_X2SX3_AI4,
FX_TT_2104,
FX_FXJ401_I,
FX_FXJ407_I,
FX_FXJ504_I,
FX_FXJ410_I,
FX_FXJ601_I,
FX_FXJ602_I,
FX_FXJ603_I,
FX_FXJ604_I,
FX_FXJ605_I,
FX_FXJ701_I,
FX_FXJ801_I,
FX_FXJ802_I,
FX_X1JX_AI15,
FX_AH1_AI6,
FX_X1SX1_AI3,
FX_X1SX1_AI4,
FX_X1SX1_AI5,
FX_X1SX1_AI7,
FX_X1SX1_AI11,
FX_X1SX1_AI13,
FX_X1SX1_AI15,
FX_X1SX2_AI3,
FX_TT_1103,
FX_X1SX2_AI5,
FX_X1SX2_AI7,
FX_X1SX2_AI9,
FX_X1SX2_AI12,
FX_X1SX3_AI1,
FX_ZJB1301_I,
FX_X1SX3_AI4,
FX_X1SX3_AI5,
FX_X1SX3_AI7,
FX_X1SX3_AI9,
FX_X1SX3_AI12,
FX_ZJB1101_I,
FX_ZJB1103_F,
FX_ZJB1104_F,
FX_FXJ803_I,
FX_LT_1601,
FX_LT_1602,
FX_LT_1603,
FX_LT_1604,
FX_FT_1601,
FX_FT_1602,
FX_LT_2602,
FX_LT_2603,
FX_LT_2604,
FX_FT_2601,
FX_FT_2602,
FX_PT_901_CK,
FX_PT_902_CK,
FX_TT_906_JK,
FX_LT_1601_BJ,
FX_LT_1602_BJ,
FX_LT_1604_BJ,
FX_FT_2602_BJ,
FX_ZJB1104_I,
FX_ZJB1201_I,
FX_TV_1101_AI,
FX_ZJB1202_I,
FX_ZJB1203_I,
FX_ZJB1204_F,
FX_ZJB1204_I,
FX_ZJB1302_I,
FX_ZJB1303_F,
FX_ZJB1303_I,
FX_ZJB1304_F,
FX_ZJB1304_I,
FX_ZJB1604_I,
MC2_QC606_LCDL_AI,
FX_GFJ901_I,
FX_GFJ902_F,
FX_LGB2702_F,
FX_GFJ903_I,
MC1_FV301_AO,
FX_GFJ904_I,
FX_GFJ905_I,
FX_GFJ906_F,
FX_X1CX1_AI1,
FX_X1CX1_AI5,
FX_X1CX2_AI7,
FX_X1CX1_AI9,
FX_X1JX_AI11,
FX_X1CX2_AI1,
FX_X1CX2_AI3,
FX_X1CX2_AI5,
FX_X1CX2_AI6,
FX_X1CX2_AI9,
FX_X1CX2_AI12,
FX_X1CX3_AI1,
FX_X1CX3_AI3,
FX_X1CX3_AI5,
FX_X1CX3_AI6,
FX_X1CX3_AI9,
FX_X1JX_AI1,
FX_X1JX_AI3,
FX_X1JX_AI5,
FX_X1JX_AI9,
FX_X1JX_AI13,
FX_TT_621C1,
FX_LT_621B,
FX_TT_621B2,
FX_FT_622A,
FX_FT_622B,
FX_FT_622C,
FX_FT_622D,
FX_TT_631B,
FX_LT_621C,
FX_LT_621D,
FX_FT_622E,
FX_FT_622F,
FX_FT_622G,
FX_FT_622H,
FX_TT_2102,
FX_TT_2105,
FX_TT_2106,
FX_HV_632_AI,
FX_TV_621A_AI,
FX_TV_621B_AI,
FX_TV_621C_AI,
FX_TV_621D_AI,
FX_HV_631_AI,
FX_HV_621A_AI,
FX_HV_621C_AI,
FX_HV_621D_AI,
FX_3QF05_ZT,
FX_LGB2602_I,
FX_LGB2502_F,
FX_LGB2302_I,
FX_LGB2302_F,
FX_HGB2204_I,
FX_HGB2204_F,
FX_HGB2202_I,
FX_ZJB1504_I,
MC2_QC610_WKF2_AI,
FX_ZJB1502_I,
FX_ZJB1502_F,
FX_ZJB1404_I,
FX_ZJB1404_F,
FX_ZJB1402_I,
FX_DT_2602,
FX_TV_2102_AI,
FX_TV_2104_AI,
FX_FT_2701,
FX_FT_2702,
FX_3QF11_ZT,
FX_HGB2201_F,
FX_FT_642A,
FX_HGB2203_I,
FX_LGB2303_F_W,
FX_LGB2303_I,
FX_LGB2401_I,
FX_LGB2403_I,
FX_LGB2403_F_W,
FX_LGB2701_F,
FX_LGB2801_F,
FX_LGB2801_I,
MC2_QC606_XKYW_AI,
FX_ZJB41_I,
MC2_QC603_PWF_AI,
FX_ZJB3004_I,
FX_ZJB62_I,
FX_ZJB33_F,
FX_ZJB33_I,
FX_ZJB34_I,
FX_ZJB43_I,
MC2_QC501_XKYW_AI,
FX_ZJB13_F,
FX_ZJB14_I,
FX_LT_1605,
FX_LT_1606,
FX_LT_2605,
FX_LT_1701,
FX_X2CX1_AI9,
FX_X2CX1_AI12,
FX_X2CX2_AI3,
FX_X2CX2_AI5,
FX_X2CX2_AI7,
FX_X2CX2_AI9,
FX_X2CX2_AI12,
FX_JBC1902_I,
FX_JBC1901_I,
FX_FXJ401_U,
FX_JBC102_I,
FX_ZJB3002_I,
FX_LGB2602_F,
FX_TT_1101,
FX_TT_1105,
FX_AT_1102,
FX_FT_1701,
FX_FT_1702,
FX_TV_611_AI,
FX_TV_1104_AI,
FX_TV_1103_AO,
MC1_GKB711_DL,
FX_JBC103_I,
FX_JBC203_I,
FX_JBC303_I,
FX_JBC1801_I,
FX_JBC1903_I,
FX_LT_641A,
FX_FT_642B,
FX_FT_642C,
FX_FT_642D,
FX_FT_612F,
FX_FT_612C,
FX_FT_612D,
FX_FT_612E,
FX_FT_612G,
FX_FT_612H,
FX_LT_611,
FX_FT_622E_SP,
FX_P1_N2_I,
FX_P2_N1_I,
FX_P3_N2_I,
FX_AH12_AI6,
FX_AH16_AI6,
FX_TT_901_JK,
FX_X2CX3_AI13,
FX_X2JX_AI17,
FX_TT_902_JK,
FX_ZJB1601_F,
FX_ZJB1601_I,
FX_ZJB1602_I,
FX_ZJB1603_I,
FX_ZJB1401_F,
FX_ZJB1401_I,
FX_ZJB1403_F,
FX_1FP2_ZT,
FX_LGB2404_F_W,
MC1_LET501_AI,
MC1_FET503_AI,
MC2_QC510_WKF2_AI,
MC1_FET601_AI,
MC1_FET602_AI,
MC1_FV101_AO,
MC1_FV201_AO,
MC1_LV101_AO,
MC1_FV401_AO,
MC1_LV301_AO,
MC1_FV501_AO,
MC1_FV601_AO,
MC1_GKB702_DL,
MC2_QC510_WKF1_AI,
MC1_GKB703_DL,
MC1_GKB704_DL,
MC1_GKB706_DL,
MC1_GKB707_DL,
MC1_GKB708_DL,
FX_FT_622A_LJ,
FX_AH5_AI6,
FX_AH6_AI6,
FX_AH7_AI6,
FX_AH9_AI6,
FX_AH10_AI6,
FX_AH14_AI7,
FX_AH16_AI5,
MC1_FET101_AI,
MC1_FV101_AI,
MC1_FET102_AI,
MC1_LET101_AI,
MC1_FET202_AI,
MC1_FV201_AI,
MC1_FET301_AI,
MC1_FET302_AI,
MC1_LET301_AI,
MC1_FET402_AI,
MC1_FV401_AI,
MC1_FET502_AI,
FX_8F16_ZT,
MC1_GKB709_HZ,
MC1_GKB710_DL,
MC1_GKB711_HZ,
MC2_QC502_LCDY_AI,
MC1_TM201_JSJ_YC_WD_AI,
MC1_TM201_JSJ_CYK_WD_AI,
MC1_TM201_ZDJ_DL_AI,
MC1_TM202_ZDJ_DL_AI,
MC1_TM204_HDZC_1_WD_AI,
MC1_TM204_ZDJ_DZ_A_WD_AI,
MC1_TM204_JSJ_YC_WD_AI,
MC1_TM204_JSJ_CYK_WD_AI,
MC1_TM204_ZDJ_DL_AI,
MC1_TM205_JSJ_CYK_WD_AI,
MC1_TM205_ZDJ_DL_AI,
MC1_TM206_HDZC_2_WD_AI,
MC1_TM206_ZDJ_DZ_B_WD_AI,
MC2_CQC_GNJNJ_AI,
MC1_TM206_JSJ_CYK_WD_AI,
MC1_TM206_ZDJ_DL_AI,
MC2_LET_102_AI,
MC2_LET_302_AI,
MC2_LET_1103_AI,
MC2_LET_1101_AI,
MC2_QC509_WKF1_AI,
MC2_WKB903_DL,
MC2_SGB1002_HZ,
MC2_SGB1002_DL,
MC2_SGB1003_HZ,
MC2_SGB1003_DL,
MC2_YLB802_DL,
MC2_YLB805_DL,
MC2_YLB806_DL,
MC2_QC506_LCDY_AI,
MC2_YLB809_DL,
MC2_YLB811_HZ,
MC2_ZJB02_AO,
MC2_FET102_DL_AI,
MC2_FET201_DL_AI,
MC2_FET202_DL_AI,
MC2_PET201_AI,
MC2_PET202_AI,
MC2_ZJB01_DL,
MC2_ZJB03_AO,
MC2_ZJB04_DL,
MC2_QC501_LCDY_AI,
MC2_QC501_LCDL_AI,
MC2_QC501_XQWD_AI,
MC2_QC501_WKF1_AI,
MC2_QC501_WKF2_AI,
MC2_QC501_PWF_AI,
MC2_QC506_MDPL_AI,
MC2_QC609_CKSCKYL_AI,
MC2_QC501_MDPL_AI,
MC2_QC501_ZHPL_AI,
MC2_QC502_LCDL_AI,
MC2_QC502_WKF2_AI,
MC2_QC502_PWF_AI,
MC2_QC502_CKSRKYL_AI,
MC2_QC502_MDPL_AI,
MC2_QC502_ZHPL_AI,
MC2_QC503_LCDL_AI,
MC2_QC503_XQWD_AI,
MC2_QC503_WKF2_AI,
MC2_QC503_PWF_AI,
MC2_QC503_MDPL_AI,
MC2_QC504_LCDL_AI,
MC2_QC504_XQWD_AI,
MC2_QC504_WKF2_AI,
MC2_QC505_LCDL_AI,
MC2_QC504_MDPL_AI,
MC2_QC507_LCDY_AI,
MC2_QC507_LCDL_AI,
MC2_QC507_XQWD_AI,
MC2_QC507_WKF2_AI,
MC2_QC507_PWF_AI,
MC2_QC507_MDPL_AI,
MC2_QC507_ZHPL_AI,
MC2_QC507_XKYW_AI,
MC2_QC508_LCDY_AI,
MC2_QC508_LCDL_AI,
MC2_QC508_XQWD_AI,
MC2_QC508_WKF2_AI,
MC2_QC508_CKSYL_AI,
MC2_QC508_MDPL_AI,
MC2_QC508_ZHPL_AI,
MC2_QC508_XKYW_AI,
MC2_QC504_XKYW_AI,
MC2_QC505_WKF2_AI,
MC2_QC505_MDPL_AI,
MC2_QC506_WKF2_AI,
MC2_QC505_XKYW_AI,
MC2_QC506_XQWD_AI,
MC2_QC506_WKF1_AI,
MC2_QC604_MDPL_AI,
MC2_QC604_ZHPL_AI,
MC2_QC509_MDPL_AI,
MC2_QC509_ZHPL_AI,
MC2_QC510_LCDY_AI,
MC2_QC510_LCDL_AI,
MC2_QC510_PWF_AI,
MC2_QC510_CKSYL_AI,
MC2_QC510_MDPL_AI,
MC2_QC510_ZHPL_AI,
MC2_QC601_LCDY_AI,
MC2_QC601_LCDL_AI,
MC2_QC601_XQWD_AI,
MC2_QC601_WKF1_AI,
MC2_QC601_MDPL_AI,
MC2_QC601_ZHPL_AI,
MC2_QC601_XKYW_AI,
MC2_QC602_WKF1_AI,
MC2_QC602_WKF2_AI,
MC2_QC602_MDPL_AI,
MC2_QC602_ZHPL_AI,
MC2_QC603_WKF1_AI,
MC2_QC603_MDPL_AI,
MC2_QC603_ZHPL_AI,
MC2_QC606_LCDY_AI,
MC2_QC606_XQWD_AI,
MC2_QC606_WKF2_AI,
MC2_QC606_PWF_AI,
MC2_QC606_MDPL_AI,
MC2_QC607_LCDY_AI,
MC2_QC607_LCDL_AI,
MC2_QC607_XQWD_AI,
MC2_QC607_WKF1_AI,
MC2_QC607_WKF2_AI,
MC2_QC607_PWF_AI,
MC2_QC607_MDPL_AI,
MC2_QC607_ZHPL_AI,
MC2_QC608_LCDY_AI,
MC2_QC608_LCDL_AI,
MC2_QC608_WKF1_AI,
MC2_QC608_PWF_AI,
MC2_QC608_MDPL_AI,
MC2_QC608_ZHPL_AI,
MC2_QC609_LCDY_AI,
MC2_QC609_LCDL_AI,
MC2_QC609_XQWD_AI,
MC2_QC609_WKF1_AI,
MC2_QC609_WKF2_AI,
MC2_QC609_PWF_AI,
MC2_QC610_CKSYL_AI,
MC2_QC609_MDPL_AI,
MC2_QC609_ZHPL_AI,
MC2_QC609_XKYW_AI,
MC2_QC610_LCDY_AI,
MC2_QC610_WKF1_AI,
MC2_QC610_PWF_AI,
MC1_AH12_AI7,
MC1_AH9_AI4,
MC1_AH6_AI6,
MC1_AH8_AI5,
MC1_AH10_AI5,
MC1_AH12_AI5,
MC2_QC610_MDPL_AI,
MC2_QC610_ZHPL_AI,
MC2_QC610_XKYW_AI,
MC2_RC101_DL_AI,
MC2_RC101_DY_AI,
MC2_RC102_DL_AI,
MC2_RC106_DY_AI,
MC2_JYB2_DL_AI,
MC2_NSJ_TPYL_AI,
MC2_NSJ_LPYL_AI,
